id;start_date;end_date;language
1;2024-04-09T00:18:22;2024-04-08T19:39:32;FRENCH
2;2024-04-08T08:56:28;2024-04-09T08:22:41;ENGLISH
3;2024-04-09T02:55:34;2024-04-08T09:26:12;ENGLISH
4;2024-04-08T08:52:07;2024-04-08T09:00:12;SPANISH
5;2024-04-08T09:26:42;2024-04-08T21:47:26;SPANISH
6;2024-04-09T02:31:53;2024-04-09T00:57:44;FRENCH
7;2024-04-08T10:26:26;2024-04-08T23:35:23;SPANISH
8;2024-04-09T04:31:32;2024-04-09T06:37:50;SPANISH
9;2024-04-08T10:48:04;2024-04-08T08:53:27;ENGLISH
10;2024-04-09T07:28:24;2024-04-08T14:43:36;FRENCH
